id	municipality_code	municipality	province	region	indicator	patterns	scope	score	validation_status	period	summary	annual	rolling12	benchmark_local	benchmark_rest	analysis	source_family	source_url
940bc377f4b77aac	SDMX-IT-151_877_DF_DCCV_DISOCCUPTMENS1_1	Italia		Italia	Disoccupati	RECORD_MAX|INVERSIONE|ANOMALIA	GENERAL	84.8	SEGNALE PULSE — ISTATDATA	2026-08	Italia: Disoccupati sale da 1543,2 a 1591,1 nel periodo 2026-08.		1757.24|1745.02|1662.32|1713.22|1645.67|1629.99|1555.27|1554.03|1583.58|1647.75|1672.55|1573.8|1621.93|1585.75|1662.47|1513.26|1510.2|1462.56|1532.23|1491.22|1466.1|1452.87|1401.6|1441.26|1434.39|1447.47|1432.33|1555.43|1543.2|1591.1			Record: l'ultimo valore supera i dodici periodi precedenti disponibili.¦Inversione: l'ultima variazione cambia segno rispetto alla precedente.¦Anomalia: l'ultimo livello o la sua variazione supera la soglia robusta PULSE.¦Disoccupati mensili destagionalizzati, 15-74 anni, totale sesso.¦PULSE Score: 84.8/100. Fonte: IstatData SDMX, ISTAT.	IstatData SDMX — ISTAT	https://esploradati.istat.it/SDMXWS/rest/v1/data/151_877_DF_DCCV_DISOCCUPTMENS1_1/all/IT1?startPeriod=2024&endPeriod=2026
f8b70df58145bbca	SDMX-IT-145_360_DF_DCSC_PREZZPIND_1_4	Italia		Italia	Prezzi alla produzione dell'industria	RECORD_MAX|ANOMALIA	GENERAL	83.1	SEGNALE PULSE — ISTATDATA	2026-08	Italia: Prezzi alla produzione dell'industria sale da 133 a 136,2 nel periodo 2026-08.		120|118.9|119.2|120|121.6|122.5|121.8|122.7|124.2|124.9|126.9|127.8|124.7|122|121.2|122.9|123.5|122.8|123.1|122.8|124|123.1|124.9|124.4|129.9|130.3|130|130|133|136.2			Record: l'ultimo valore supera i dodici periodi precedenti disponibili.¦Anomalia: l'ultimo livello o la sua variazione supera la soglia robusta PULSE.¦Prezzi alla produzione dell'industria, base 2021; aggregato nazionale più ampio disponibile.¦PULSE Score: 83.1/100. Fonte: IstatData SDMX, ISTAT.	IstatData SDMX — ISTAT	https://esploradati.istat.it/SDMXWS/rest/v1/data/145_360_DF_DCSC_PREZZPIND_1_4/all/IT1?startPeriod=2022&endPeriod=2026
0b991b0bd341f89b	SDMX-IT-151_874_DF_DCCV_TAXDISOCCUMENS1_1	Italia		Italia	Tasso di disoccupazione	RECORD_MAX|INVERSIONE|ANOMALIA	GENERAL	82.7	SEGNALE PULSE — ISTATDATA	2026-08	Italia: Tasso di disoccupazione sale da 5,97 a 6,15 nel periodo 2026-08.		6.87974|6.81851|6.51331|6.68829|6.42553|6.36025|6.08686|6.09474|6.19641|6.42288|6.5016|6.13509|6.30361|6.19603|6.46637|5.90751|5.9218|5.74197|5.99343|5.82744|5.7418|5.68769|5.49016|5.63094|5.60415|5.6223|5.5666|6.02072|5.97409|6.15052			Record: l'ultimo valore supera i dodici periodi precedenti disponibili.¦Inversione: l'ultima variazione cambia segno rispetto alla precedente.¦Anomalia: l'ultimo livello o la sua variazione supera la soglia robusta PULSE.¦Tasso di disoccupazione mensile destagionalizzato, popolazione 15-74 anni, totale sesso.¦PULSE Score: 82.7/100. Fonte: IstatData SDMX, ISTAT.	IstatData SDMX — ISTAT	https://esploradati.istat.it/SDMXWS/rest/v1/data/151_874_DF_DCCV_TAXDISOCCUMENS1_1/all/IT1?startPeriod=2024&endPeriod=2026
b614fc47bc2a191a	SDMX-IT-111_40	Italia		Italia	Fiducia delle costruzioni	INVERSIONE|ANOMALIA	GENERAL	81.5	SEGNALE PULSE — ISTATDATA	2026-09	Italia: Fiducia delle costruzioni scende da 102,8 a 97,5 nel periodo 2026-09.		103.3|101.6|104.3|103.8|103.2|102.1|103.8|101.5|100.8|104.2|103.2|104.4|103.5|102|103.2|102.5|101.2|101.7|103.2|102.6|101|99.8|103|103.5|100.7|99.2|101.6|96.7|102.8|97.5			Inversione: l'ultima variazione cambia segno rispetto alla precedente.¦Anomalia: l'ultimo livello o la sua variazione supera la soglia robusta PULSE.¦Clima di fiducia del settore costruzioni, totale settore.¦PULSE Score: 81.5/100. Fonte: IstatData SDMX, ISTAT.	IstatData SDMX — ISTAT	https://esploradati.istat.it/SDMXWS/rest/v1/data/111_40/all/IT1?startPeriod=2022&endPeriod=2026
52046c48604424ba	SDMX-IT-114_191_DF_DCSC_ORDFATT_9	Italia		Italia	Fatturato industriale	RECORD_MAX|INVERSIONE	GENERAL	76.8	SEGNALE PULSE — ISTATDATA	2026-07	Italia: Fatturato industriale sale da 115,1 a 117 nel periodo 2026-07.		115.2|112.6|112|112.3|111.5|110.7|111.4|109.9|111|112.8|109.6|113.8|113|111.1|112.7|110.4|111.6|111.7|111|113.4|112.6|112.5|113.1|113|113.7|115.7|115.6|116.2|115.1|117			Record: l'ultimo valore supera i dodici periodi precedenti disponibili.¦Inversione: l'ultima variazione cambia segno rispetto alla precedente.¦Valore del fatturato industriale, base 2021; serie nazionale più aggregata disponibile.¦PULSE Score: 76.8/100. Fonte: IstatData SDMX, ISTAT.	IstatData SDMX — ISTAT	https://esploradati.istat.it/SDMXWS/rest/v1/data/114_191_DF_DCSC_ORDFATT_9/all/IT1?startPeriod=2022&endPeriod=2026
122d458c3d9d137f	SDMX-IT-149_577_DF_DCSC_OROS_1_3	Italia		Italia	Posizioni lavorative dipendenti	RECORD_MAX|INVERSIONE	GENERAL	72.2	SEGNALE PULSE — ISTATDATA	2026-Q2	Italia: Posizioni lavorative dipendenti sale da 109,6 a 110,1 nel periodo 2026-Q2.		103.1|104.5|104.9|105.4|105.7|106.8|107.4|108.1|107.8|108.6|108.6|108.8|108.6|109.5|109.8|109.9|109.6|110.1			Record: l'ultimo valore supera i dodici periodi precedenti disponibili.¦Inversione: l'ultima variazione cambia segno rispetto alla precedente.¦Posizioni lavorative alle dipendenze, base 2021; viene scelta la branca più aggregata disponibile.¦PULSE Score: 72.2/100. Fonte: IstatData SDMX, ISTAT.	IstatData SDMX — ISTAT	https://esploradati.istat.it/SDMXWS/rest/v1/data/149_577_DF_DCSC_OROS_1_3/all/IT1?startPeriod=2022&endPeriod=2026
3220e58a59ff366f	SDMX-IT-122_54_DF_DCSC_TUR_3	Italia		Italia	Presenze turistiche	ANOMALIA	GENERAL	71.8	SEGNALE PULSE — ISTATDATA	2026-07	Italia: Presenze turistiche sale da 65,20 mln a 89,38 mln nel periodo 2026-07.		2.05816e+07|2.41573e+07|2.80255e+07|4.00023e+07|5.37952e+07|7.67108e+07|8.41889e+07|5.05858e+07|3.1417e+07|1.77002e+07|1.97096e+07|2.24308e+07|2.27165e+07|2.53274e+07|3.47852e+07|4.27707e+07|6.47898e+07|8.78834e+07|9.563e+07|5.82672e+07|3.65341e+07|1.99516e+07|2.43765e+07|2.14435e+07|2.32514e+07|2.69393e+07|3.61634e+07|4.65133e+07|6.51969e+07|8.93795e+07			Anomalia: l'ultimo livello o la sua variazione supera la soglia robusta PULSE.¦Presenze mensili complessive negli esercizi ricettivi, ospiti residenti e non residenti.¦PULSE Score: 71.8/100. Fonte: IstatData SDMX, ISTAT.	IstatData SDMX — ISTAT	https://esploradati.istat.it/SDMXWS/rest/v1/data/122_54_DF_DCSC_TUR_3/all/IT1?startPeriod=2022&endPeriod=2026
0e918b0778581248	SDMX-IT-167_745_DF_DCSP_NIC1B2025_1	Italia		Italia	Prezzi al consumo NIC	RECORD_MAX	GENERAL	70.5	SEGNALE PULSE — ISTATDATA	2026-09	Italia: Prezzi al consumo NIC sale da 103,9 a 104,6 nel periodo 2026-09.		100.4|101.1|101.6|102.7|103.1|103.1|103.4|103.9|104.6			Record: l'ultimo valore supera i dodici periodi precedenti disponibili.¦Indice generale NIC, base 2025.¦PULSE Score: 70.5/100. Fonte: IstatData SDMX, ISTAT.	IstatData SDMX — ISTAT	https://esploradati.istat.it/SDMXWS/rest/v1/data/167_745_DF_DCSP_NIC1B2025_1/all/IT1?startPeriod=2026&endPeriod=2026
2076d054108bde03	SDMX-IT-143_222_DF_DCSC_PREIMPIND_2	Italia		Italia	Prezzi all'importazione	ANOMALIA	GENERAL	68.7	SEGNALE PULSE — ISTATDATA	2026-07	Italia: Prezzi all'importazione sale da 111,9 a 112,3 nel periodo 2026-07.		108|108.7|109.6|109.8|109.7|110.3|109.7|108.9|108.8|109|109.3|109.7|110.4|109.3|108|106.5|106.7|107|106.4|106.2|105.9|106|105.9|106.2|106.7|109.4|113|113.4|111.9|112.3			Anomalia: l'ultimo livello o la sua variazione supera la soglia robusta PULSE.¦Prezzi all'importazione, base 2021; aggregato nazionale più ampio disponibile.¦PULSE Score: 68.7/100. Fonte: IstatData SDMX, ISTAT.	IstatData SDMX — ISTAT	https://esploradati.istat.it/SDMXWS/rest/v1/data/143_222_DF_DCSC_PREIMPIND_2/all/IT1?startPeriod=2022&endPeriod=2026
e4a0f548cb804d6e	SDMX-IT-150_872_DF_DCCV_TAXOCCUMENS1_1	Italia		Italia	Tasso di occupazione	INVERSIONE	GENERAL	62.3	SEGNALE PULSE — ISTATDATA	2026-08	Italia: Tasso di occupazione scende da 63,1 a 63,04 nel periodo 2026-08.		62.0967|62.1559|62.189|62.2768|62.3714|62.4222|62.4387|62.3558|62.3469|62.397|62.5747|62.6423|62.6913|62.3979|62.5253|62.6197|62.4259|62.4551|62.523|62.6298|62.5104|62.5673|62.6913|62.7563|62.7318|63.1332|63.0874|63.092|63.1019|63.0364			Inversione: l'ultima variazione cambia segno rispetto alla precedente.¦Tasso di occupazione mensile destagionalizzato, popolazione 15-64 anni, totale sesso.¦PULSE Score: 62.3/100. Fonte: IstatData SDMX, ISTAT.	IstatData SDMX — ISTAT	https://esploradati.istat.it/SDMXWS/rest/v1/data/150_872_DF_DCCV_TAXOCCUMENS1_1/all/IT1?startPeriod=2024&endPeriod=2026
600d68b0a53960be	SDMX-IT-117_266	Italia		Italia	Fiducia del commercio	INVERSIONE	GENERAL	62.0	SEGNALE PULSE — ISTATDATA	2026-09	Italia: Fiducia del commercio scende da 106,5 a 104,5 nel periodo 2026-09.		103.7|103.4|102.5|102.2|101.5|102.7|103.5|106.1|106.1|106.3|103.6|104.3|102.3|103.3|101.8|105.5|102.6|101.9|105|107.1|106.9|102.4|105|100.7|101|101.3|105.6|106.4|106.5|104.5			Inversione: l'ultima variazione cambia segno rispetto alla precedente.¦Clima di fiducia del commercio al dettaglio, aggregato totale.¦PULSE Score: 62.0/100. Fonte: IstatData SDMX, ISTAT.	IstatData SDMX — ISTAT	https://esploradati.istat.it/SDMXWS/rest/v1/data/117_266/all/IT1?startPeriod=2022&endPeriod=2026
4b657d4eb31c3146	SDMX-IT-152_878_DF_DCCV_TAXINATTMENS1_1	Italia		Italia	Tasso di inattività	ANOMALIA	GENERAL	61.9	SEGNALE PULSE — ISTATDATA	2026-08	Italia: Tasso di inattività scende da 32,77 a 32,71 nel periodo 2026-08.		33.2292|33.18|33.3864|33.1614|33.2373|33.2472|33.4319|33.5282|33.434|33.2309|32.9878|33.1708|33.0152|33.3766|33.0549|33.349|33.5474|33.654|33.4044|33.3922|33.5881|33.5479|33.5709|33.383|33.4257|33.0011|33.0843|32.7741|32.7691|32.714			Anomalia: l'ultimo livello o la sua variazione supera la soglia robusta PULSE.¦Tasso di inattività mensile destagionalizzato, popolazione 15-64 anni, totale sesso.¦PULSE Score: 61.9/100. Fonte: IstatData SDMX, ISTAT.	IstatData SDMX — ISTAT	https://esploradati.istat.it/SDMXWS/rest/v1/data/152_878_DF_DCCV_TAXINATTMENS1_1/all/IT1?startPeriod=2024&endPeriod=2026
dcc630e1a0f2e841	SDMX-IT-6_64_DF_DCSC_IESI_2	Italia		Italia	Clima di fiducia delle imprese	INVERSIONE	GENERAL	59.3	SEGNALE PULSE — ISTATDATA	2026-09	Italia: Clima di fiducia delle imprese scende da 97 a 95,9 nel periodo 2026-09.		96.2|95.4|94.6|94.3|94.7|95.7|93.4|92.9|95|95.3|94.5|93.2|91.8|93.4|94.1|93.8|93.6|93.8|94.4|96|96.4|97.5|97.3|97.3|95.3|94.3|95.3|95.7|97|95.9			Inversione: l'ultima variazione cambia segno rispetto alla precedente.¦Clima di fiducia delle imprese, base 2021.¦PULSE Score: 59.3/100. Fonte: IstatData SDMX, ISTAT.	IstatData SDMX — ISTAT	https://esploradati.istat.it/SDMXWS/rest/v1/data/6_64_DF_DCSC_IESI_2/all/IT1?startPeriod=2022&endPeriod=2026
85af4fcefadb6220	SDMX-IT-122_54_DF_DCSC_TUR_3	Italia		Italia	Arrivi turistici	ULTIMO_DATO	GENERAL	55.2	ULTIMO DATO UFFICIALE — ISTATDATA	2026-07	Italia: Arrivi turistici sale da 18,24 mln a 20,76 mln nel periodo 2026-07.		6.82756e+06|8.68291e+06|1.04839e+07|1.37008e+07|1.61587e+07|1.86964e+07|1.93174e+07|1.46417e+07|1.08049e+07|6.89435e+06|7.17772e+06|6.99121e+06|7.34085e+06|8.85165e+06|1.25672e+07|1.55657e+07|1.91854e+07|2.13282e+07|2.22816e+07|1.71676e+07|1.30848e+07|7.64384e+06|8.75739e+06|6.66938e+06|7.36548e+06|8.92854e+06|1.27851e+07|1.5912e+07|1.82436e+07|2.07605e+07			Ultimo dato ufficiale: nuova osservazione disponibile nella serie ISTATData; non è necessario che scatti uno dei sei pattern PULSE per entrare nel notiziario.¦Arrivi mensili complessivi negli esercizi ricettivi, ospiti residenti e non residenti.¦PULSE Score: 55.2/100. Fonte: IstatData SDMX, ISTAT.	IstatData SDMX — ISTAT	https://esploradati.istat.it/SDMXWS/rest/v1/data/122_54_DF_DCSC_TUR_3/all/IT1?startPeriod=2022&endPeriod=2026
28fd7dc622fdc48f	SDMX-IT-151_874_DF_DCCV_TAXDISOCCUMENS1_1	Italia		Italia	Tasso di disoccupazione giovanile	ULTIMO_DATO	GENERAL	52.3	ULTIMO DATO UFFICIALE — ISTATDATA	2026-08	Italia: Tasso di disoccupazione giovanile sale da 19,69 a 20,27 nel periodo 2026-08.		20.1426|20.7888|20.6066|20.3848|20.913|19.298|18.6273|18.7522|20.7562|19.119|20.5844|19.6763|20.8295|21.0742|21.6241|20.0413|19.3805|19.824|21.0307|19.8122|18.9995|19.903|18.6728|18.0849|18.9387|18.0705|17.735|19.3944|19.6875|20.2678			Ultimo dato ufficiale: nuova osservazione disponibile nella serie ISTATData; non è necessario che scatti uno dei sei pattern PULSE per entrare nel notiziario.¦Tasso di disoccupazione giovanile mensile destagionalizzato, 15-24 anni, totale sesso.¦PULSE Score: 52.3/100. Fonte: IstatData SDMX, ISTAT.	IstatData SDMX — ISTAT	https://esploradati.istat.it/SDMXWS/rest/v1/data/151_874_DF_DCCV_TAXDISOCCUMENS1_1/all/IT1?startPeriod=2024&endPeriod=2026
e2051626d351c21f	SDMX-IT-119_367_DF_DCSC_FATTSERVIZ_1_4	Italia		Italia	Fatturato dei servizi	ULTIMO_DATO	GENERAL	51.2	ULTIMO DATO UFFICIALE — ISTATDATA	2026-07	Italia: Fatturato dei servizi sale da 124 a 124,2 nel periodo 2026-07.		119|117.7|117.9|117.8|116.9|117.7|117.8|117.2|118.9|119.1|118|121.3|118.6|118.9|119.6|119|120|120.2|119|121|120.5|120.1|121.1|122.2|122.1|123.7|123.7|123.9|124|124.2			Ultimo dato ufficiale: nuova osservazione disponibile nella serie ISTATData; non è necessario che scatti uno dei sei pattern PULSE per entrare nel notiziario.¦Indice del fatturato dei servizi, base 2021; serie nazionale più aggregata disponibile.¦PULSE Score: 51.2/100. Fonte: IstatData SDMX, ISTAT.	IstatData SDMX — ISTAT	https://esploradati.istat.it/SDMXWS/rest/v1/data/119_367_DF_DCSC_FATTSERVIZ_1_4/all/IT1?startPeriod=2022&endPeriod=2026
4df8a2a1d916eff0	SDMX-IT-150_875_DF_DCCV_OCCUPATIMENS1_1	Italia		Italia	Occupati	ULTIMO_DATO	GENERAL	50.7	ULTIMO DATO UFFICIALE — ISTATDATA	2026-08	Italia: Occupati scende da 24.357 a 24.352 nel periodo 2026-08.		23861.7|23911.1|23930.6|23961.7|24023.4|24058.2|24055.8|24018.2|24023.3|24061.4|24121.8|24143.2|24170.8|24065.8|24117.4|24175.2|24064.5|24060.9|24109.1|24159.2|24116.7|24139.6|24191.5|24223.6|24217|24361.5|24360|24359|24357.3|24352.1			Ultimo dato ufficiale: nuova osservazione disponibile nella serie ISTATData; non è necessario che scatti uno dei sei pattern PULSE per entrare nel notiziario.¦Occupati mensili destagionalizzati, totale sesso, 15-89 anni; serie coerente con il confronto congiunturale del comunicato ISTAT.¦PULSE Score: 50.7/100. Fonte: IstatData SDMX, ISTAT.	IstatData SDMX — ISTAT	https://esploradati.istat.it/SDMXWS/rest/v1/data/150_875_DF_DCCV_OCCUPATIMENS1_1/all/IT1?startPeriod=2024&endPeriod=2026
871806d158d933a0	SDMX-IT-120_337_DF_DCSC_COMMDET_1_15	Italia		Italia	Vendite al dettaglio	ULTIMO_DATO	GENERAL	50.7	ULTIMO DATO UFFICIALE — ISTATDATA	2026-08	Italia: Vendite al dettaglio sale da 91,7 a 92,2 nel periodo 2026-08.		93.1|92.2|93.3|92.4|93.5|93|94.5|92.9|92.1|93.3|92.5|92.7|91.7|93.1|92.1|93.4|92.8|92.1|91.9|92.6|92.9|92|92.8|92.2|92.6|92.4|92.5|92.1|91.7|92.2			Ultimo dato ufficiale: nuova osservazione disponibile nella serie ISTATData; non è necessario che scatti uno dei sei pattern PULSE per entrare nel notiziario.¦Volume delle vendite del commercio al dettaglio, base 2021; totale prodotti quando disponibile.¦PULSE Score: 50.7/100. Fonte: IstatData SDMX, ISTAT.	IstatData SDMX — ISTAT	https://esploradati.istat.it/SDMXWS/rest/v1/data/120_337_DF_DCSC_COMMDET_1_15/all/IT1?startPeriod=2022&endPeriod=2026
